{"cameraMode":{"drawMode":0,"name":"Shaded","section":"Shading Mode"},"sceneLighting":false,"audioPlay":false,"sceneViewState":{"m_AlwaysRefresh":false,"showFog":true,"showSkybox":true,"showFlares":true,"showImageEffects":true,"showParticleSystems":true,"showVisualEffectGraphs":true,"m_FxEnabled":true},"in2DMode":false,"pivot":{"x":-0.1188129112124443,"y":1.9723098278045655,"z":-4.328017234802246},"rotation":{"x":-0.0035252312663942577,"y":0.9674719572067261,"z":0.011161680333316327,"w":0.25347965955734255},"size":2.778219699859619,"orthographic":false}